source,iteration,tmin,tmax,threshold,confusion_sil,confusion_speech,difference,speech_below_T,silence_above_T
phone_F1,1,-5.219893455505371,-4.2541961669921875,-4.737044811248779,0.04025061925252279,0.14044642448425293,-0.10019580523173013,30,24
phone_F1,2,-5.219893455505371,-4.737044811248779,-4.978469133377075,0.13041547036940052,0.033566641807556155,0.09684882856184436,17,44
phone_F1,3,-4.978469133377075,-4.737044811248779,-4.857756972312927,0.08020885272692609,0.080628924369812,-0.00042007164288591914,22,34
phone_F1,4,-4.978469133377075,-4.857756972312927,-4.918113052845001,0.10453281479497109,0.05567904591560364,0.04885376887936745,19,38
phone_F1,5,-4.918113052845001,-4.857756972312927,-4.887935012578964,0.09220200264325706,0.06742437899112702,0.024777623652130043,21,38
phone_F1,6,-4.887935012578964,-4.857756972312927,-4.872845992445946,0.08612911979998311,0.07398975551128388,0.012139364288699231,22,37
phone_F1,7,-4.872845992445946,-4.857756972312927,-4.8653014823794365,0.08312754052621062,0.07730933994054795,0.005818200585662667,22,37
phone_F1,8,-4.8653014823794365,-4.857756972312927,-4.861529227346182,0.08164326718417547,0.07896913215517998,0.0026741350289954946,22,36
phone_F1,9,-4.861529227346182,-4.857756972312927,-4.859643099829555,0.08091315330677135,0.07979902826249599,0.0011141250442753547,22,36
phone_F1,10,-4.859643099829555,-4.857756972312927,-4.858700036071241,0.08055621542797614,0.080213976316154,0.00034223911182214295,22,35
phone_F1,11,-4.858700036071241,-4.857756972312927,-4.858228504192084,0.08038124072575761,0.08042145034298301,-4.020961722539518e-05,22,34
phone_F1,12,-4.858700036071241,-4.858228504192084,-4.8584642701316625,0.08046748631093051,0.08031771332956851,0.00014977298136199801,22,35
phone_F1,13,-4.8584642701316625,-4.858228504192084,-4.858346387161873,0.08042433772546549,0.08036958183627575,5.475588918973928e-05,22,34
phone_F1,14,-4.858346387161873,-4.858228504192084,-4.858287445676979,0.08040278922561156,0.08039551608962939,7.273135982172052e-06,22,34
phone_F1,15,-4.858287445676979,-4.858228504192084,-4.858257974934531,0.08039201497568459,0.0804084832163062,-1.6468240621611563e-05,22,34
phone_F1,16,-4.858287445676979,-4.858257974934531,-4.858272710305755,0.08039740210064807,0.08040199965296779,-4.597552319726694e-06,22,34
phone_F1,17,-4.858287445676979,-4.858272710305755,-4.858280077991367,0.0804000956631298,0.08039875787129859,1.33779183121574e-06,22,34
phone_F1,18,-4.858280077991367,-4.858272710305755,-4.858276394148561,0.08039874888188894,0.08040037876213318,-1.6298802442415994e-06,22,34
phone_F1,19,-4.858280077991367,-4.858276394148561,-4.858278236069964,0.08039942227250937,0.08039956831671588,-1.4604420650599081e-07,22,34
phone_F1,20,-4.858280077991367,-4.858278236069964,-4.858279157030665,0.08039975896781959,0.08039916309400724,5.958738123479357e-07,22,34
phone_F1,21,-4.858279157030665,-4.858278236069964,-4.858278696550315,0.08039959062016448,0.08039936570536156,2.2491480292097243e-07,22,34
phone_F1,22,-4.858278696550315,-4.858278236069964,-4.858278466310139,0.08039950644633694,0.08039946701103873,3.943529820749081e-08,22,34
phone_F1,23,-4.858278466310139,-4.858278236069964,-4.858278351190052,0.08039946435942315,0.0803995176638773,-5.3304454156188896e-08,22,34
phone_F1,24,-4.858278466310139,-4.858278351190052,-4.858278408750095,0.08039948540288004,0.08039949233745801,-6.934577967410149e-09,22,34
phone_F1,25,-4.858278466310139,-4.858278408750095,-4.858278437530117,0.08039949592460849,0.08039947967424838,1.6250360113101436e-08,22,34
phone_F1,26,-4.858278437530117,-4.858278408750095,-4.858278423140106,0.08039949066374427,0.08039948600585319,4.657891086723431e-09,22,34
phone_F1,27,-4.858278423140106,-4.858278408750095,-4.858278415945101,0.08039948803331215,0.0803994891716556,-1.1383434472822529e-09,22,34
phone_F1,28,-4.858278423140106,-4.858278415945101,-4.858278419542604,0.08039948934852821,0.0803994875887544,1.7597738127816953e-09,22,34
phone_F1,29,-4.858278419542604,-4.858278415945101,-4.858278417743852,0.08039948869092019,0.080399488380205,3.107151896886151e-10,22,34
phone_M1,1,-5.985660076141357,-4.686749458312988,-5.336204767227173,0.010677437284099521,0.05912388222558158,-0.04844644494148206,12,2
phone_M1,2,-5.985660076141357,-5.336204767227173,-5.660932421684265,0.03667822702607112,0.013052455016544886,0.02362577200952623,4,9
phone_M1,3,-5.660932421684265,-5.336204767227173,-5.498568594455719,0.02034829801587916,0.0307448006102017,-0.010396502594322541,7,6
phone_M1,4,-5.660932421684265,-5.498568594455719,-5.579750508069992,0.02781204367751506,0.020678072103432248,0.007133971574082812,6,7
phone_M1,5,-5.579750508069992,-5.498568594455719,-5.5391595512628555,0.023983309073234673,0.025670931009309634,-0.0016876219360749609,7,6
phone_M1,6,-5.579750508069992,-5.5391595512628555,-5.559455029666424,0.025800814601912428,0.0231339962088636,0.0026668183930488275,7,6
phone_M1,7,-5.559455029666424,-5.5391595512628555,-5.54930729046464,0.02489206183757355,0.024402463609086617,0.0004895982284869316,7,6
phone_M1,8,-5.54930729046464,-5.5391595512628555,-5.544233420863748,0.02443768545540411,0.025036697309198126,-0.0005990118537940146,7,6
phone_M1,9,-5.54930729046464,-5.544233420863748,-5.546770355664194,0.02466487364648883,0.02471958045914237,-5.47068126535398e-05,7,6
phone_M1,10,-5.54930729046464,-5.546770355664194,-5.548038823064417,0.02477846774203119,0.024561022034114494,0.00021744570791669415,7,6
phone_M1,11,-5.548038823064417,-5.546770355664194,-5.547404589364305,0.024721670694260012,0.024640301246628433,8.136944763157891e-05,7,6
phone_M1,12,-5.547404589364305,-5.546770355664194,-5.547087472514249,0.02469327217037442,0.024679940852885402,1.3331317489019556e-05,7,6
phone_M1,13,-5.547087472514249,-5.546770355664194,-5.5469289140892215,0.024679072908431625,0.024699760656013887,-2.0687747582261856e-05,7,6
phone_M1,14,-5.547087472514249,-5.5469289140892215,-5.5470081933017354,0.02468617253940302,0.024689850754449644,-3.6782150466228847e-06,7,6
phone_M1,15,-5.547087472514249,-5.5470081933017354,-5.547047832907992,0.02468972235488872,0.024684895803667523,4.826551221196601e-06,7,6
phone_M1,16,-5.547047832907992,-5.5470081933017354,-5.547028013104864,0.02468794744714587,0.024687373279058584,5.741680872868582e-07,7,6
phone_M1,17,-5.547028013104864,-5.5470081933017354,-5.5470181032033,0.024687059993274446,0.024688612016754114,-1.5520234796680132e-06,7,6
phone_M1,18,-5.547028013104864,-5.5470181032033,-5.547023058154082,0.02468750372021016,0.02468799264790635,-4.889276961905775e-07,7,6
phone_M1,19,-5.547028013104864,-5.547023058154082,-5.547025535629473,0.024687725583678016,0.024687682963482466,4.262019554987506e-08,7,6
phone_M1,20,-5.547025535629473,-5.547023058154082,-5.547024296891777,0.02468761465194409,0.024687837805694408,-2.231537503186165e-07,7,6
phone_M1,21,-5.547025535629473,-5.547024296891777,-5.547024916260625,0.02468767011781105,0.024687760384588437,-9.026677738610545e-08,7,6
phone_M1,22,-5.547025535629473,-5.547024916260625,-5.547025225945049,0.024687697850744535,0.02468772167403545,-2.382329091638047e-08,7,6
phone_M1,23,-5.547025535629473,-5.547025225945049,-5.547025380787261,0.024687711717211274,0.02468770231875896,9.398452315012573e-09,7,6
phone_M1,24,-5.547025380787261,-5.547025225945049,-5.547025303366155,0.024687704783977905,0.024687711996397205,-7.212419300683948e-09,7,6
phone_M1,25,-5.547025380787261,-5.547025303366155,-5.547025342076708,0.02468770825059459,0.024687707157578082,1.0930165071643128e-09,7,6
phone_M1,26,-5.547025342076708,-5.547025303366155,-5.5470253227214315,0.024687706517286245,0.024687709576987644,-3.059701398494541e-09,7,6
phone_M1,27,-5.547025342076708,-5.5470253227214315,-5.54702533239907,0.024687707383940417,0.024687708367282863,-9.83342445665114e-10,7,6
studio_F1,1,-7.147211074829102,-5.0131964683532715,-6.0802037715911865,0.04668754797715407,0.2896837145090103,-0.24299616653185624,7,2
studio_F1,2,-7.147211074829102,-6.0802037715911865,-6.613707423210144,0.1165885512645428,0.0859123170375824,0.030676234226960405,4,5
studio_F1,3,-6.613707423210144,-6.0802037715911865,-6.346955597400665,0.0732191136250129,0.17297979071736336,-0.09976067709235045,7,3
studio_F1,4,-6.613707423210144,-6.346955597400665,-6.480331510305405,0.09253470255778386,0.12137279100716114,-0.028838088449377283,5,4
studio_F1,5,-6.613707423210144,-6.480331510305405,-6.547019466757774,0.1037639442544717,0.10258430615067482,0.0011796381037968845,4,5
studio_F1,6,-6.547019466757774,-6.480331510305405,-6.5136754885315895,0.0976645453618123,0.11095279781147838,-0.013288252449666083,5,4
studio_F1,7,-6.547019466757774,-6.5136754885315895,-6.530347477644682,0.10055779250195393,0.10675230342894793,-0.006194510926993996,4,5
studio_F1,8,-6.547019466757774,-6.530347477644682,-6.538683472201228,0.10216086837821282,0.10466830478981137,-0.0025074364115985487,4,5
studio_F1,9,-6.547019466757774,-6.538683472201228,-6.542851469479501,0.10296240631634226,0.1036263054702431,-0.0006638991539008321,4,5
studio_F1,10,-6.547019466757774,-6.542851469479501,-6.544935468118638,0.10336317528540698,0.10310530581045896,0.00025786947494801926,4,5
studio_F1,11,-6.544935468118638,-6.542851469479501,-6.5438934687990695,0.10316279080087462,0.10336580564035103,-0.00020301483947640642,4,5
studio_F1,12,-6.544935468118638,-6.5438934687990695,-6.544414468458854,0.1032629830431408,0.10323555572540499,2.7427317735806422e-05,4,5
studio_F1,13,-6.544414468458854,-6.5438934687990695,-6.544153968628962,0.10321288692200771,0.10330068068287801,-8.77937608703e-05,4,5
studio_F1,14,-6.544414468458854,-6.544153968628962,-6.544284218543908,0.10323793498257426,0.1032681182041415,-3.018322156723985e-05,4,5
studio_F1,15,-6.544414468458854,-6.544284218543908,-6.544349343501381,0.10325045901285754,0.10325183696477325,-1.3779519157097742e-06,4,5
studio_F1,16,-6.544414468458854,-6.544349343501381,-6.544381905980117,0.10325672102799917,0.10324369634508912,1.3024682910048324e-05,4,5
studio_F1,17,-6.544381905980117,-6.544349343501381,-6.544365624740749,0.10325359002042835,0.10324776665493118,5.823365497162336e-06,4,5
studio_F1,18,-6.544365624740749,-6.544349343501381,-6.544357484121065,0.10325202451664293,0.10324980180985222,2.222706790719342e-06,4,5
studio_F1,19,-6.544357484121065,-6.544349343501381,-6.544353413811223,0.10325124176475023,0.10325081938731273,4.2237743749784507e-07,4,5
studio_F1,20,-6.544353413811223,-6.544349343501381,-6.544351378656302,0.10325085038880388,0.10325132817604299,-4.777872391059645e-07,4,5
studio_F1,21,-6.544353413811223,-6.544351378656302,-6.544352396233762,0.10325104607677706,0.10325107378167786,-2.770490080405974e-08,4,5
studio_F1,22,-6.544353413811223,-6.544352396233762,-6.5443529050224925,0.10325114392076365,0.1032509465844953,1.9733626835383156e-07,4,5
studio_F1,23,-6.5443529050224925,-6.544352396233762,-6.544352650628127,0.10325109499877036,0.10325101018308658,8.48156837818248e-08,4,5
studio_F1,24,-6.544352650628127,-6.544352396233762,-6.544352523430945,0.1032510705377737,0.10325104198238222,2.8555391481943637e-08,4,5
studio_F1,25,-6.544352523430945,-6.544352396233762,-6.5443524598323535,0.10325105830727538,0.10325105788203004,4.252453389419486e-10,4,5
studio_M1,1,-6.7100300788879395,-5.544132709503174,-6.127081394195557,0.11658973693847656,0.14067745208740234,-0.024087715148925784,7,1
studio_M1,2,-6.7100300788879395,-6.127081394195557,-6.418555736541748,0.21564035415649413,0.02914743423461914,0.186492919921875,1,2
studio_M1,3,-6.418555736541748,-6.127081394195557,-6.272818565368652,0.15734548568725587,0.06988883018493652,0.08745665550231935,3,2
studio_M1,4,-6.272818565368652,-6.127081394195557,-6.1999499797821045,0.13116345405578614,0.09292802810668946,0.03823542594909668,4,1
studio_M1,5,-6.1999499797821045,-6.127081394195557,-6.163515686988831,0.12387659549713134,0.1151734471321106,0.008703148365020744,7,1
studio_M1,6,-6.163515686988831,-6.127081394195557,-6.145298540592194,0.12023316621780396,0.12792544960975646,-0.007692283391952506,7,1
studio_M1,7,-6.163515686988831,-6.145298540592194,-6.154407113790512,0.12205488085746766,0.12154944837093354,0.0005054324865341187,7,1
studio_M1,8,-6.154407113790512,-6.145298540592194,-6.149852827191353,0.1211440235376358,0.124737448990345,-0.0035934254527092008,7,1
studio_M1,9,-6.154407113790512,-6.149852827191353,-6.1521299704909325,0.12159945219755172,0.12314344868063927,-0.001543996483087548,7,1
studio_M1,10,-6.154407113790512,-6.1521299704909325,-6.153268542140722,0.12182716652750969,0.1223464485257864,-0.0005192819982767077,7,1
studio_M1,11,-6.154407113790512,-6.153268542140722,-6.153837827965617,0.12194102369248867,0.12194794844835996,-6.924755871287602e-06,7,1
studio_M1,12,-6.154407113790512,-6.153837827965617,-6.154122470878065,0.12199795227497816,0.12174869840964675,0.0002492538653314086,7,1
studio_M1,13,-6.154122470878065,-6.153837827965617,-6.153980149421841,0.12196948798373342,0.12184832342900336,0.00012116455473006049,7,1
studio_M1,14,-6.153980149421841,-6.153837827965617,-6.153908988693729,0.12195525583811104,0.12189813593868166,5.711989942937257e-05,7,1
studio_M1,15,-6.153908988693729,-6.153837827965617,-6.153873408329673,0.12194813976529986,0.12192304219352082,2.5097571779042482e-05,7,1
studio_M1,16,-6.153873408329673,-6.153837827965617,-6.153855618147645,0.12194458172889426,0.12193549532094039,9.086407953870501e-06,7,1
studio_M1,17,-6.153855618147645,-6.153837827965617,-6.153846723056631,0.12194280271069147,0.12194172188465018,1.0808260412914494e-06,7,1
studio_M1,18,-6.153846723056631,-6.153837827965617,-6.153842275511124,0.12194191320159006,0.12194483516650508,-2.921964915011954e-06,7,1
studio_M1,19,-6.153846723056631,-6.153842275511124,-6.153844499283878,0.12194235795614077,0.12194327852557763,-9.205694368602524e-07,7,1
studio_M1,20,-6.153846723056631,-6.153844499283878,-6.153845611170254,0.12194258033341612,0.12194250020511391,8.012830221559852e-08,7,1
studio_M1,21,-6.153845611170254,-6.153844499283878,-6.153845055227066,0.12194246914477844,0.12194288936534577,-4.202205673292658e-07,7,1
studio_M1,22,-6.153845611170254,-6.153845055227066,-6.15384533319866,0.12194252473909728,0.12194269478522983,-1.7004613254989476e-07,7,1
studio_M1,23,-6.153845611170254,-6.15384533319866,-6.153845472184457,0.1219425525362567,0.12194259749517186,-4.495891516020922e-08,7,1
studio_M1,24,-6.153845611170254,-6.153845472184457,-6.153845541677356,0.1219425664348364,0.12194254885014288,1.7584693520755756e-08,7,1
studio_M1,25,-6.153845541677356,-6.153845472184457,-6.153845506930907,0.12194255948554655,0.12194257317265737,-1.3687110819726733e-08,7,1
studio_M1,26,-6.153845541677356,-6.153845506930907,-6.153845524304131,0.12194256296019149,0.12194256101140014,1.9487913505145116e-09,7,1
studio_M1,27,-6.153845524304131,-6.153845506930907,-6.153845515617519,0.12194256122286902,0.12194256709202875,-5.869159727667217e-09,7,1
studio_M1,28,-6.153845524304131,-6.153845515617519,-6.153845519960825,0.12194256209153025,0.12194256405171444,-1.9601841955152466e-09,7,1
studio_M1,29,-6.153845524304131,-6.153845519960825,-6.153845522132478,0.12194256252586086,0.12194256253155729,-5.696429439261408e-12,7,1
GLOBAL,1,-7.147211074829102,-4.2541961669921875,-5.7007036209106445,0.3126841333589665,0.07072574323643752,0.24195839012252898,21,113
GLOBAL,2,-5.7007036209106445,-4.2541961669921875,-4.977449893951416,0.04814977682981973,0.2417649962211567,-0.19361521939133697,84,45
GLOBAL,3,-5.7007036209106445,-4.977449893951416,-5.33907675743103,0.1616995622211857,0.13007706371161457,0.031622498509571134,39,102
GLOBAL,4,-5.33907675743103,-4.977449893951416,-5.158263325691223,0.09445921873768016,0.17522929796104222,-0.08077007922336206,54,85
GLOBAL,5,-5.33907675743103,-5.158263325691223,-5.248670041561127,0.12681977201528585,0.15075849998192709,-0.023938727966641232,45,96
GLOBAL,6,-5.33907675743103,-5.248670041561127,-5.2938733994960785,0.14403455742138369,0.13997252033056456,0.0040620370908191206,42,99
GLOBAL,7,-5.2938733994960785,-5.248670041561127,-5.271271720528603,0.13535352080248672,0.14523255922755257,-0.00987903842506585,44,98
GLOBAL,8,-5.2938733994960785,-5.271271720528603,-5.2825725600123405,0.13968131575255077,0.14256615562191427,-0.002884839869363498,42,99
GLOBAL,9,-5.2938733994960785,-5.2825725600123405,-5.2882229797542095,0.14185793658696724,0.14126933797623942,0.0005885986107278252,42,99
GLOBAL,10,-5.2882229797542095,-5.2825725600123405,-5.285397769883275,0.14076962616975902,0.14191774679907684,-0.0011481206293178225,42,99
GLOBAL,11,-5.2882229797542095,-5.285397769883275,-5.286810374818742,0.14131378137836312,0.14159354238765812,-0.0002797610092949987,42,99
GLOBAL,12,-5.2882229797542095,-5.286810374818742,-5.287516677286476,0.14158585898266518,0.14143144018194878,0.00015441880071639935,42,99
GLOBAL,13,-5.287516677286476,-5.286810374818742,-5.287163526052609,0.14144982018051416,0.14151249128480345,-6.26711042892858e-05,42,99
GLOBAL,14,-5.287516677286476,-5.287163526052609,-5.2873401016695425,0.14151783958158967,0.14147196573337611,4.587384821355678e-05,42,99
GLOBAL,15,-5.2873401016695425,-5.287163526052609,-5.287251813861076,0.1414838298810519,0.1414922285090898,-8.398628037892264e-06,42,99
GLOBAL,16,-5.2873401016695425,-5.287251813861076,-5.287295957765309,0.1415008347313208,0.14148209712123294,1.8737610087860013e-05,42,99
GLOBAL,17,-5.287295957765309,-5.287251813861076,-5.2872738858131925,0.14149233230618635,0.14148716281516135,5.169491024997752e-06,42,99
GLOBAL,18,-5.2872738858131925,-5.287251813861076,-5.287262849837134,0.14148808109361913,0.14148969566212558,-1.614568506447256e-06,42,99
GLOBAL,19,-5.2872738858131925,-5.287262849837134,-5.287268367825163,0.14149020669990273,0.14148842923864346,1.7774612592613703e-06,42,99
GLOBAL,20,-5.287268367825163,-5.287262849837134,-5.287265608831149,0.14148914389676093,0.14148906245038453,8.144637639317942e-08,42,99
GLOBAL,21,-5.287265608831149,-5.287262849837134,-5.287264229334141,0.14148861249519004,0.14148937905625505,-7.665610650131605e-07,42,99
GLOBAL,22,-5.287265608831149,-5.287264229334141,-5.287264919082645,0.14148887819597547,0.1414892207533198,-3.425573443238683e-07,42,99
GLOBAL,23,-5.287265608831149,-5.287264919082645,-5.287265263956897,0.1414890110463682,0.14148914160185216,-1.3055548395146666e-07,42,99
GLOBAL,24,-5.287265608831149,-5.287265263956897,-5.287265436394023,0.14148907747156458,0.14148910202611834,-2.4554553751388042e-08,42,99
GLOBAL,25,-5.287265608831149,-5.287265436394023,-5.287265522612586,0.14148911068416276,0.14148908223825143,2.844591132089569e-08,42,99
GLOBAL,26,-5.287265522612586,-5.287265436394023,-5.287265479503304,0.14148909407786367,0.14148909213218488,1.9456787847538237e-09,42,99
GLOBAL,27,-5.287265479503304,-5.287265436394023,-5.2872654579486635,0.1414890857747141,0.1414890970791516,-1.1304437497194897e-08,42,99
GLOBAL,28,-5.287265479503304,-5.2872654579486635,-5.287265468725984,0.1414890899262889,0.14148909460566825,-4.6793793562205366e-09,42,99
GLOBAL,29,-5.287265479503304,-5.287265468725984,-5.287265474114644,0.14148909200207627,0.14148909336892657,-1.3668502996111442e-09,42,99
GLOBAL,30,-5.287265479503304,-5.287265474114644,-5.287265476808974,0.14148909303996995,0.14148909275055568,2.8941427032691536e-10,42,99
